-- A table named “famous” has two columns called user id and follower id. It represents each user ID has a particular follower ID. These follower IDs are also users of hashtag#Facebook / hashtag#Meta. Then, find the famous percentage of each user. 
-- Famous Percentage = number of followers a user has / total number of users on the platform.
CREATE TABLE famous (user_id INT, follower_id INT);
INSERT INTO famous VALUES
(1, 2), (1, 3), (2, 4), (5, 1), (5, 3), 
(11, 7), (12, 8), (13, 5), (13, 10), 
(14, 12), (14, 3), (15, 14), (15, 13);

with a as(select distinct user_id from famous union select distinct follower_id from famous),
b as (select user_id, count(*) as fc from famous group by user_id)
select a.user_id , 
case when b.user_id is null then 0 else round((b.fc/(select count(*) from a))*100,2) end as famous_percentage 
from a left join b 
on a.user_id = b.user_id;

-- Given a list of projects and employees mapped to each project, calculate by the amount of project budget allocated to each employee. 
-- The output should include the project title and the project budget rounded to the closest integer. 
-- Order your list by projects with the highest budget per employee first.
CREATE TABLE ms_projects(id int, title varchar(15), budget int);
INSERT INTO ms_projects VALUES (1, 'Project1',  29498),(2, 'Project2',  32487),(3, 'Project3',  43909),(4, 'Project4',  15776),(5, 'Project5',  36268),(6, 'Project6',  41611),(7, 'Project7',  34003),(8, 'Project8',  49284),(9, 'Project9',  32341),(10, 'Project10',    47587),(11, 'Project11',    11705),(12, 'Project12',    10468),(13, 'Project13',    43238),(14, 'Project14',    30014),(15, 'Project15',    48116),(16, 'Project16',    19922),(17, 'Project17',    19061),(18, 'Project18',    10302),(19, 'Project19',    44986),(20, 'Project20',    19497);
CREATE TABLE ms_emp_projects(emp_id int, project_id int);
INSERT INTO ms_emp_projects VALUES (10592,  1),(10593,  2),(10594,  3),(10595,  4),(10596,  5),(10597,  6),(10598,  7),(10599,  8),(10600,  9),(10601,  10),(10602, 11),(10603, 12),(10604, 13),(10605, 14),(10606, 15),(10607, 16),(10608, 17),(10609, 18),(10610, 19),(10611, 20);

with a as(select project_id , count(*) as num_emp from ms_emp_projects group by project_id)
select p.title, round(p.budget/a.num_emp,0) as budget_per_emp from ms_projects p inner join a on p.id = a.project_id order by budget_per_emp desc;

-- Find the total number of available beds per hosts' nationality.
-- Output the nationality along with the corresponding total number of available beds. 
-- Sort records by the total available beds in descending order.
CREATE TABLE airbnb_apartments(host_id int,apartment_id varchar(5),apartment_type varchar(10),n_beds int,n_bedrooms int,country varchar(20),city varchar(20));
INSERT INTO airbnb_apartments VALUES(0,'A1','Room',1,1,'USA','NewYork'),(0,'A2','Room',1,1,'USA','NewJersey'),(0,'A3','Room',1,1,'USA','NewJersey'),(1,'A4','Apartment',2,1,'USA','Houston'),(1,'A5','Apartment',2,1,'USA','LasVegas'),(3,'A7','Penthouse',3,3,'China','Tianjin'),(3,'A8','Penthouse',5,5,'China','Beijing'),(4,'A9','Apartment',2,1,'Mali','Bamako'),(5,'A10','Room',3,1,'Mali','Segou');
CREATE TABLE airbnb_hosts(host_id int,nationality  varchar(15),gender varchar(5),age int);
INSERT INTO airbnb_hosts  VALUES(0,'USA','M',28),(1,'USA','F',29),(2,'China','F',31),(3,'China','M',24),(4,'Mali','M',30),(5,'Mali','F',30);

select b.nationality, sum(n_beds) as bph from airbnb_apartments a inner join airbnb_hosts b on a.host_id = b.host_id group by b.nationality order by bph desc;

-- IBM is working on a new feature to analyze user purchasing behavior for all Fridays in the first quarter of the year. 
-- For each Friday separately, calculate the average amount users have spent per order. 
-- The output should contain the week number of that Friday and average amount spent.
CREATE TABLE user_purchases(user_id int, date date, amount_spent float, day_name varchar(15));
INSERT INTO user_purchases VALUES(1047,'2023-01-01',288,'Sunday'),(1099,'2023-01-04',803,'Wednesday'),(1055,'2023-01-07',546,'Saturday'),(1040,'2023-01-10',680,'Tuesday'),(1052,'2023-01-13',889,'Friday'),(1052,'2023-01-13',596,'Friday'),(1016,'2023-01-16',960,'Monday'),(1023,'2023-01-17',861,'Tuesday'),(1010,'2023-01-19',758,'Thursday'),(1013,'2023-01-19',346,'Thursday'),(1069,'2023-01-21',541,'Saturday'),(1030,'2023-01-22',175,'Sunday'),(1034,'2023-01-23',707,'Monday'),(1019,'2023-01-25',253,'Wednesday'),(1052,'2023-01-25',868,'Wednesday'),(1095,'2023-01-27',424,'Friday'),(1017,'2023-01-28',755,'Saturday'),(1010,'2023-01-29',615,'Sunday'),(1063,'2023-01-31',534,'Tuesday'),(1019,'2023-02-03',185,'Friday'),(1019,'2023-02-03',995,'Friday'),(1092,'2023-02-06',796,'Monday'),(1058,'2023-02-09',384,'Thursday'),(1055,'2023-02-12',319,'Sunday'),(1090,'2023-02-15',168,'Wednesday'),(1090,'2023-02-18',146,'Saturday'),(1062,'2023-02-21',193,'Tuesday'),(1023,'2023-02-24',259,'Friday');

select date_format(date,'%v') week,avg(amount_spent) am 
from user_purchases u where u.day_name ='Friday' and date_format(date,'%m-%d')<'04-01' 
group by week order by week;	